{
    "usedGridSearch": true, 
    "gridSize": 3, 
    "modelInputNRows": 808, 
    "modelInputNCols": 123, 
    "modelInputMemory": 795072, 
    "gridCells": [
        {
            "scoreTimeStd": 0.03323652609203716, 
            "scoreTime": 0.025, 
            "fitTime": 0.254, 
            "score": 0.9975360114508875, 
            "params": {
                "alpha": 0.1
            }, 
            "fitTimeStd": 0.0037416573867739412, 
            "scoreStd": 8.480260418000956e-05
        }, 
        {
            "scoreTimeStd": 0.03239684483951416, 
            "scoreTime": 0.04466666666666667, 
            "fitTime": 0.13433333333333333, 
            "score": 0.9817665345401616, 
            "params": {
                "alpha": 1.0
            }, 
            "fitTimeStd": 0.07780888266915431, 
            "scoreStd": 0.0009331344418950484
        }, 
        {
            "scoreTimeStd": 0.031030450993965415, 
            "scoreTime": 0.05633333333333333, 
            "fitTime": 0.06566666666666666, 
            "score": 0.9148489541838644, 
            "params": {
                "alpha": 3.0
            }, 
            "fitTimeStd": 0.01961858529274955, 
            "scoreStd": 0.0023423423587499766
        }
    ], 
    "lmCoefficients": {
        "interceptStderr": null, 
        "interceptTstat": null, 
        "rescaledInterceptCoef": -4522.529443353076, 
        "rescaledCoefs": [
            -38.43341412878004, 
            3.166761597651434, 
            2.3344419733900397, 
            2.2752472120751634, 
            0.03670937585092844, 
            -0.11266095018214288, 
            -0.15643000731401452, 
            4.587391485836229, 
            4.80328800293611, 
            0.46194701615050937, 
            4.70999284012059, 
            3.489074647005008, 
            1.0567482733062532, 
            -0.6723773506937176, 
            -0.039344830280881565, 
            1.902803310992354, 
            -0.03531220993374721, 
            2.439917135666744, 
            0.07729210198170405, 
            -0.05191475251242829, 
            -1.747858350923967, 
            67.09363848320604, 
            -16.917016437432643, 
            -55.983493414020536, 
            27.022302792666636, 
            -32.85247104746119, 
            -30.274214170444935, 
            22.62404624408943, 
            6.058453784723133, 
            -30.183519743761533, 
            39.38277508475595, 
            13.12686123099224, 
            132.99065498836998, 
            14.610134717061692, 
            -22.01729496563493, 
            8.598362178898512, 
            -4.472769947355552, 
            17.98181721277259, 
            39.4728725928355, 
            -18.3856035700029, 
            -5.922617876317985, 
            20.25486928818547, 
            -36.91938231582935, 
            14.255321708060109, 
            -22.85579661570514, 
            55.10331883908343, 
            -0.8291430163585787, 
            63.250079996208726, 
            -54.29073129711056, 
            0.9982097160862866, 
            49.94846835660112, 
            73.22968170019621, 
            -68.67511910415237, 
            27.20264749995229, 
            8.263486314537431, 
            22.70095585819577, 
            -33.718270465575934, 
            30.91747104899051, 
            29.08442031445756, 
            -4.987356853314696, 
            11.5388886869551, 
            16.0269568117491, 
            -17.749972417642667, 
            17.998655785949, 
            -9.03126245144184, 
            17.11096015816808, 
            69.31219159333624, 
            13.923779633434636, 
            18.50936455373128, 
            -104.06936235808566, 
            -2.2672551767262843, 
            16.952865867239947, 
            20.812305996336566, 
            -14.729889880627875, 
            -54.281861858365836, 
            -3.7076085699953873, 
            30.648348565533688, 
            61.51372736249469, 
            -61.92984856074902, 
            2.399192135357736, 
            -24.786062706280855, 
            23.091683205094558, 
            -4.691139672444665, 
            11.19557123597579, 
            41.37150374193358, 
            -9.388024146469228, 
            11.816250006706655, 
            -83.55614793479354, 
            -14.996173828555198, 
            11.274025924884286, 
            -6.82707376925944, 
            14.260595840303468, 
            1.3823291888116989, 
            18.926542059895073, 
            26.531451582926938, 
            -86.98351270150847, 
            4.443024347023764, 
            -81.91912153082474, 
            -100.15793791381986, 
            23.978890447723913, 
            14.71697977427859, 
            22.26336930920898, 
            28.047374309585877, 
            -18.846880153767344, 
            20.134924185694718, 
            -32.79616206012726, 
            45.932323891617976, 
            32.97989938823041, 
            -84.29126373177745, 
            5.78654264630347, 
            31.53963624168433, 
            -24.758069244000634, 
            -33.80733147451385, 
            -27.39114160387998, 
            57.98513094182864, 
            168.72124807487037, 
            -87.9090331797714, 
            -9.012826807672127, 
            -2.386473210976738, 
            -21.802416802842608, 
            8.946747620358279, 
            52.03332604964442
        ],