{
    "metrics": {
        "rmse": 97.26177237818214, 
        "pearson": 0.9992618017407311, 
        "mae": 75.85543553379064, 
        "r2": 0.9984162964339642, 
        "mape": 0.0040601804422014985, 
        "mse": 9459.852366145316, 
        "evs": 0.9984165938552862, 
        "rmsle": 0.005454941913896003
    }, 
    "scatterPlotData": {
        "y": [
            20606.3872, 
            14551.4014, 
            18608.6548, 
            18136.3085, 
            21310.1401, 
            20733.4549, 
            22474.3455, 
            16442.4626, 
            19329.9713, 
            14855.7701, 
            18220.6953, 
            19850.9395, 
            25281.9973, 
            17783.5153, 
            20346.2367, 
            19928.0462, 
            17991.3664, 
            20076.7559, 
            21469.7439, 
            13113.4684, 
            24299.8877, 
            20483.6982, 
            18731.8915, 
            17479.5069, 
            22039.4632, 
            18700.9197, 
            16403.3699, 
            24241.7099, 
            22714.7312, 
            19945.6821, 
            20945.7294, 
            20479.342, 
            19648.6872, 
            22018.9324, 
            18857.3352, 
            19613.5382, 
            20829.9081, 
            19935.0002, 
            20962.6956, 
            19652.2788, 
            20152.0759, 
            15051.9579, 
            17756.8774, 
            18147.2756, 
            16118.5288, 
            21869.3675, 
            16311.1405, 
            18110.673, 
            23703.0138, 
            25251.6795, 
            21448.7405, 
            17627.1634, 
            17865.3941, 
            22209.2088, 
            19771.8614, 
            19555.7911, 
            17214.657, 
            22254.2378, 
            16888.739, 
            18486.6391, 
            22272.1926, 
            21173.9129, 
            19193.1701, 
            21937.7234, 
            21958.5411, 
            21053.4398, 
            17612.6172, 
            23428.9958, 
            23718.3121, 
            17751.19, 
            17338.0586, 
            20335.6272, 
            20114.2878, 
            21393.0869, 
            24104.013, 
            18344.5616, 
            20191.0196, 
            21333.5749, 
            17654.6621, 
            17567.2274, 
            18834.4956, 
            22809.3984, 
            18906.1917, 
            19974.778, 
            21802.3509, 
            21152.4283, 
            22709.4375, 
            18608.0563, 
            15704.2034, 
            20613.2428, 
            21810.9096, 
            18903.3312, 
            19407.4993, 
            18272.4329, 
            21820.541, 
            20463.1171, 
            22038.0895, 
            21951.2939, 
            21597.1299, 
            19438.7401, 
            22858.7593, 
            18896.9761, 
            18930.9991, 
            18394.5468, 
            23193.4248, 
            18591.561, 
            22905.2711, 
            17907.1412, 
            23057.3855, 
            19996.65, 
            19182.8847, 
            20996.3772, 
            21679.2039, 
            21631.6386, 
            19481.6165, 
            19005.7445, 
            17145.2542, 
            20743.2619, 
            18171.7258, 
            20047.9626, 
            18632.4599, 
            20955.8048, 
            22546.8334, 
            19563.9288, 
            12780.0467, 
            19788.7894, 
            19862.4829, 
            18876.3724, 
            22574.8507, 
            20542.9126, 
            16664.0413, 
            13824.7093, 
            20212.4796, 
            22009.8935, 
            20033.8266, 
            20235.7361, 
            20190.9873, 
            24318.6398, 
            19080.2879, 
            20165.165, 
            17353.4082, 
            20682.7465, 
            16365.2461, 
            24999.5075, 
            16645.0407, 
            22114.3607, 
            18476.2368, 
            25656.1632, 
            15583.7133, 
            18388.5253, 
            20120.251, 
            22748.5525, 
            16520.0434, 
            19240.9484, 
            22751.5567, 
            20721.3936, 
            16172.2119, 
            19150.4201, 
            15265.3726, 
            17761.8443, 
            13471.8628, 
            21270.758, 
            22041.484, 
            19519.665, 
            19277.37, 
            19812.9783, 
            20141.8554, 
            24168.8745, 
            24023.6124, 
            18731.8185, 
            21660.5279, 
            22008.1941, 
            20403.0188, 
            19399.6362, 
            16494.4187, 
            19262.5031, 
            19919.8364, 
            20622.0069, 
            19529.947, 
            20620.214, 
            18972.293, 
            18174.9881, 
            20319.8263, 
            19299.7545, 
            20056.7592, 
            17661.3644, 
            18372.1361, 
            22401.0494, 
            18951.2838, 
            23162.3884, 
            15995.835, 
            23208.3421
        ],