{
    "metrics": {
        "rmse": 59.53665343156433, 
        "pearson": 0.999704547931422, 
        "mae": 19.68547013843687, 
        "r2": 0.9994065851989746, 
        "mape": 0.0011358747797737846, 
        "mse": 3544.613101830201, 
        "evs": 0.9994067504641617, 
        "rmsle": 0.004105116945531879
    }, 
    "scatterPlotData": {
        "y": [
            20622.1731, 
            14368.4512, 
            18681.2771, 
            18085.6982, 
            21337.9229, 
            20712.952, 
            22494.7904, 
            16286.0221, 
            19389.3301, 
            14670.9343, 
            17998.2061, 
            19925.2394, 
            25090.6635, 
            17666.7296, 
            20386.9195, 
            20044.3951, 
            17949.258, 
            20127.3198, 
            21378.2763, 
            13284.6234, 
            24235.1669, 
            20499.4355, 
            18795.7961, 
            17362.3591, 
            22166.4162, 
            18784.0911, 
            16237.6932, 
            24114.4939, 
            22868.6834, 
            20056.0819, 
            20881.1681, 
            20481.1104, 
            19690.0021, 
            22023.2292, 
            18904.0578, 
            19709.0175, 
            20807.1244, 
            20022.9382, 
            20912.9662, 
            19789.7695, 
            20203.9056, 
            14796.2764, 
            17624.2344, 
            18133.8718, 
            15901.1875, 
            21883.6989, 
            16189.2687, 
            18045.6774, 
            23703.8202, 
            24990.2073, 
            21438.7797, 
            17509.9185, 
            17847.3597, 
            22183.1662, 
            19880.3252, 
            19633.8624, 
            17199.8503, 
            22279.1816, 
            16727.2407, 
            18561.3802, 
            22305.0227, 
            21191.2196, 
            19277.8677, 
            21968.0892, 
            21945.5506, 
            20981.1765, 
            17491.6404, 
            23437.5649, 
            23724.0833, 
            17559.9046, 
            17315.9896, 
            20380.6732, 
            20162.0163, 
            21361.906, 
            24039.1274, 
            18373.3907, 
            20174.6665, 
            21420.0106, 
            17538.1966, 
            17410.1311, 
            18948.5272, 
            22941.8915, 
            18981.7906, 
            20050.8435, 
            21821.3575, 
            21144.6917, 
            22813.329, 
            18688.8426, 
            15501.9068, 
            20664.7157, 
            21769.4191, 
            18963.6516, 
            19467.1994, 
            18075.7825, 
            21895.4568, 
            20488.1087, 
            22152.1297, 
            21991.5437, 
            21617.2567, 
            19505.1175, 
            22912.9552, 
            19000.345, 
            18934.2364, 
            18381.3777, 
            23252.644, 
            18780.4026, 
            23000.9379, 
            17786.9511, 
            23174.772, 
            20064.3182, 
            19249.0112, 
            20972.555, 
            21629.4737, 
            21654.2864, 
            19564.8826, 
            19060.5768, 
            17152.2602, 
            20729.1555, 
            18206.3727, 
            20109.4888, 
            18745.9554, 
            20897.2732, 
            22541.1962, 
            19659.2575, 
            13263.3787, 
            19941.4129, 
            19958.1401, 
            18926.2569, 
            22536.7958, 
            20550.0289, 
            16555.889, 
            13575.7993, 
            20220.7753, 
            22093.2059, 
            20114.7647, 
            20253.7828, 
            20214.4767, 
            24193.0131, 
            19149.0471, 
            20208.4131, 
            17298.5862, 
            20706.0775, 
            16178.5343, 
            24848.2896, 
            16650.6786, 
            22165.0564, 
            18565.7821, 
            26038.812, 
            15322.3398, 
            18410.029, 
            20140.4352, 
            22735.3223, 
            16371.7993, 
            19319.9147, 
            22794.8273, 
            20720.602, 
            15966.0141, 
            19223.5014, 
            14979.6587, 
            17593.2446, 
            13285.4697, 
            21271.6278, 
            22106.8594, 
            19589.5164, 
            19312.3246, 
            19916.0822, 
            20215.1229, 
            24073.8051, 
            23960.6321, 
            18812.2904, 
            21669.5019, 
            22059.6474, 
            20443.4548, 
            19460.8174, 
            16407.0061, 
            19325.3695, 
            19986.3687, 
            20574.91, 
            19761.1014, 
            20633.6048, 
            19065.5579, 
            18140.9908, 
            20349.5719, 
            19333.5141, 
            20084.1826, 
            17539.4911, 
            18393.1023, 
            22431.5024, 
            19054.9921, 
            23223.7084, 
            15866.779, 
            23272.2667
        ],