{
    "per_feature": {
        "Losses of production": {
            "stats": {
                "std": 3.176524787877285, 
                "p99": 20.0, 
                "min": 10.0, 
                "max": 20.0, 
                "average": 15.100247524752476, 
                "median": 15.0
            }, 
            "missing_impute_with_value": 15.100247524752476
        }, 
        "Distance from hub": {
            "stats": {
                "std": 43.68095830662089, 
                "p99": 187.74429999999995, 
                "min": 40.5, 
                "max": 190.0, 
                "average": 110.44820544554455, 
                "median": 107.78999999999999
            }, 
            "missing_impute_with_value": 110.44820544554455
        }, 
        "Hub activities": {
            "stats": {
                "std": 69.83046370052648, 
                "p99": 662.3256596203581, 
                "min": 284.03536305509544, 
                "max": 747.7676591547685, 
                "average": 503.66664868065556, 
                "median": 504.3887175898969
            }, 
            "missing_impute_with_value": 503.66664868065556
        }, 
        "Turbine EXW": {
            "stats": {}
        }, 
        "Commissioning vessel": {
            "stats": {
                "std": 138.28106133612926, 
                "p99": 1313.2249061901368, 
                "min": 499.38007537259244, 
                "max": 1432.3851055525072, 
                "average": 1000.1791478110413, 
                "median": 998.9855552174708
            }, 
            "missing_impute_with_value": 1000.1791478110413
        }, 
        "Distance from shore": {
            "stats": {
                "std": 43.60954590718661, 
                "p99": 178.46059999999997, 
                "min": 30.03, 
                "max": 179.53, 
                "average": 106.12832920792076, 
                "median": 105.545
            }, 
            "missing_impute_with_value": 106.12832920792076
        }, 
        "Water depth": {
            "stats": {
                "std": 17.1435346101323, 
                "p99": 83.00319999999999, 
                "min": 24.08, 
                "max": 83.93, 
                "average": 54.65992574257415, 
                "median": 54.36
            }, 
            "missing_impute_with_value": 54.65992574257415
        }, 
        "Inflation": {
            "stats": {
                "std": 1.2844431914224954, 
                "p99": 7.439299999999999, 
                "min": 3.0, 
                "max": 7.5, 
                "average": 5.210334158415843, 
                "median": 5.1899999999999995
            }, 
            "missing_impute_with_value": 5.210334158415843
        }, 
        "Installation": {
            "stats": {
                "std": 66.21777186893885, 
                "p99": 654.8385342025723, 
                "min": 292.62198331774687, 
                "max": 707.3792385858252, 
                "average": 501.0509567744046, 
                "median": 503.0255160408416
            }, 
            "missing_impute_with_value": 501.0509567744046
        }, 
        "Wind speed": {
            "stats": {
                "std": 1.163017098271749, 
                "p99": 11.9586, 
                "min": 8.0, 
                "max": 11.99, 
                "average": 10.045631188118813, 
                "median": 10.06
            }, 
            "missing_impute_with_value": 10.045631188118813
        }, 
        "Number of units": {
            "stats": {
                "std": 84.15075141609067, 
                "p99": 295.0, 
                "min": 10.0, 
                "max": 298.0, 
                "average": 154.12871287128712, 
                "median": 155.5
            }, 
            "missing_impute_with_value": 154.12871287128712
        }, 
        "Country": {
            "stats": {
                "mostFrequentValue": "sb", 
                "leastFrequentValue": "sy"
            }, 
            "category_possible_counts": [
                12, 
                10, 
                9, 
                9, 
                8, 
                8, 
                8, 
                8, 
                8, 
                8, 
                8, 
                8, 
                8, 
                8, 
                7, 
                7, 
                7, 
                7, 
                7, 
                7, 
                7, 
                7, 
                7, 
                7, 
                7, 
                7, 
                7, 
                7, 
                6, 
                6, 
                6, 
                6, 
                6, 
                6, 
                6, 
                6, 
                6, 
                6, 
                6, 
                6, 
                6, 
                6, 
                6, 
                6, 
                6, 
                6, 
                6, 
                6, 
                5, 
                5, 
                5, 
                5, 
                5, 
                5, 
                5, 
                5, 
                5, 
                5, 
                5, 
                5, 
                5, 
                5, 
                5, 
                5, 
                5, 
                5, 
                5, 
                5, 
                5, 
                5, 
                5, 
                4, 
                4, 
                4, 
                4, 
                4, 
                4, 
                4, 
                4, 
                4, 
                4, 
                4, 
                4, 
                4, 
                4, 
                4, 
                4, 
                4, 
                4, 
                4, 
                4, 
                4, 
                4, 
                4, 
                4, 
                4, 
                4, 
                4, 
                4, 
                4, 
                4
            ],