{
    "shifts": [
        15.100247524752476, 
        110.44820544554455, 
        503.66664868065556, 
        1000.1791478110413, 
        106.12832920792076, 
        54.65992574257415, 
        5.210334158415843, 
        501.0509567744046, 
        10.045631188118813, 
        154.12871287128712, 
        2026.5705445544554, 
        1004.0659020887338, 
        65.32054455445545, 
        503.63717896087053, 
        165.87376237623764, 
        51.601485148514854, 
        704.7698302368915, 
        2022.976485148515, 
        2.320111386138608, 
        706.0221682020796, 
        997.2815216527242
    ], 
    "columns": [
        "Losses of production", 
        "Distance from hub", 
        "Hub activities", 
        "Commissioning vessel", 
        "Distance from shore", 
        "Water depth", 
        "Inflation", 
        "Installation", 
        "Wind speed", 
        "Number of units", 
        "Installation year", 
        "Customizations", 
        "Equity share", 
        "Hub rental", 
        "Site area", 
        "Weather", 
        "Installation vessel", 
        "Project launch year NTP", 
        "Air density", 
        "Commissioning", 
        "Transport"
    ], 
    "inv_scales": [
        0.314809443268425, 
        0.022893270632490366, 
        0.014320397531492557, 
        0.007231648284570448, 
        0.022930759291286396, 
        0.058331028153842474, 
        0.7785474723039482, 
        0.015101686024399073, 
        0.8598325867143368, 
        0.01188343518235997, 
        0.4425774358025275, 
        0.007295644142578791, 
        0.0498599479106312, 
        0.01500482755337244, 
        0.01274394220113852, 
        0.03472254389117157, 
        0.01079541520973028, 
        0.7083029497961244, 
        17.43400418406793, 
        0.010472743257263984, 
        0.007610424778713041
    ]
}